GEOID,Males (1-3),Males (4-8),Males (9-13),Males (14-18),Males (19-30),Males (31-50),Males (51-70),Males (71+),Females (1-3),Females (4-8),Females (9-13),Females (14-18),Females (19-30),Females (31-50),Females (50-70),Females (71+)
250250001001,55,31,17,16,236,247,81,47,38,27,25,18,219,185,94,86
250250001002,24,21,16,11,261,143,83,20,16,14,15,4,173,150,68,25
250250001003,13,3,6,2,189,116,63,17,12,6,11,9,177,92,46,23
250250001004,39,13,14,14,232,148,62,16,33,20,26,10,155,131,54,36
250250002011,27,18,20,9,177,128,69,25,19,24,15,11,146,127,83,37
250250002012,15,7,15,2,217,110,38,15,13,7,6,5,174,86,52,28
250250002013,42,21,14,9,307,164,94,15,44,25,13,7,364,168,83,24
250250002014,6,5,6,2,170,101,44,12,12,9,4,7,188,89,57,23
250250002021,25,23,23,7,347,210,123,46,26,20,17,14,261,168,115,62
250250002022,11,9,8,12,164,147,59,19,10,12,7,5,160,111,61,30
250250002023,27,18,12,3,128,108,58,24,24,15,9,2,115,101,62,42
250250002024,40,44,42,31,90,49,46,9,38,45,39,38,79,146,66,23
250250003011,17,12,15,10,103,117,56,12,5,7,13,8,78,97,60,28
250250003012,16,5,7,3,112,124,73,53,20,8,11,5,109,109,69,66
250250003013,12,15,2,1,156,93,24,18,4,7,3,3,146,64,28,24
250250003014,12,9,12,4,131,92,57,22,9,7,8,3,159,88,77,22
250250003021,24,6,16,25,395,205,86,39,24,10,8,33,352,164,99,61
250250003022,42,18,26,10,269,207,144,56,26,16,18,8,292,191,178,94
250250004011,13,4,3,6,415,204,46,23,17,7,6,4,511,161,52,26
250250004012,12,3,4,8,351,127,64,19,20,8,11,9,313,108,59,22
250250004013,25,21,17,9,254,118,69,36,27,16,16,7,205,84,75,48
250250004014,36,19,12,8,302,119,82,303,25,16,7,8,255,113,144,560
250250004021,40,24,22,12,390,169,74,26,46,21,28,5,374,149,102,43
250250004022,17,11,10,3,285,114,59,21,9,3,9,3,273,85,59,34
250250004023,28,11,10,7,325,149,74,21,15,15,10,7,237,135,58,26
250250005021,5,1,3,1,240,100,46,16,7,0,1,2,277,108,62,14
250250005022,7,2,3,2,175,93,32,12,6,2,0,1,195,92,63,30
250250005023,14,2,3,2,446,193,76,62,16,1,3,1,433,184,79,104
250250005024,0,0,0,0,1348,3,1,0,0,0,0,0,1734,0,0,0
250250005031,10,2,1,1,225,90,27,2,6,3,1,4,261,93,28,8
250250005032,9,4,1,1,366,198,57,34,7,1,2,1,401,221,79,67
250250005041,16,9,5,6,245,145,59,56,15,12,9,4,383,151,67,144
250250005042,10,5,1,2,321,120,48,103,12,4,3,4,404,125,92,165
250250005043,11,4,,2,371,179,52,19,12,4,1,2,478,156,71,16
250250005044,1,0,0,0,215,21,32,75,4,0,0,0,321,30,52,109
250250006011,11,5,10,6,150,83,51,33,9,9,5,3,95,62,82,148
250250006012,18,9,7,24,246,154,89,24,17,7,5,3,253,117,68,36
250250006013,11,4,3,3,175,82,49,17,9,4,4,5,159,60,44,35
250250006014,30,8,11,6,266,177,64,16,32,9,5,3,218,136,70,17
250250006021,21,8,10,7,452,186,67,37,14,7,8,13,339,163,81,44
250250006022,8,7,4,2,298,99,68,47,8,4,2,6,275,100,107,76
250250006023,49,58,49,29,145,140,107,45,42,40,49,31,164,196,154,108
250250007011,7,1,1,0,299,123,20,6,1,0,3,0,276,85,18,5
250250007012,10,7,8,1,236,52,31,2,3,0,3,1,171,38,14,4
250250007013,4,2,2,2,139,68,21,10,6,3,4,0,231,58,32,17
250250007014,13,3,4,4,275,95,56,13,9,2,5,3,281,83,51,25
250250007015,9,3,7,5,449,194,41,15,12,5,2,17,513,163,47,17
250250007031,9,3,0,2,450,120,60,4,8,2,1,1,555,73,19,1
250250007032,9,2,2,3,591,97,34,5,9,2,1,4,611,80,25,8
250250007041,16,6,4,5,644,184,64,15,12,2,4,5,611,128,51,12
250250007042,6,2,0,1,232,99,26,11,4,1,0,0,281,67,32,8
250250007043,14,2,4,4,376,135,37,15,10,3,1,4,387,99,26,18
250250007044,36,19,13,7,246,141,79,15,16,15,16,11,259,134,107,19
250250008021,6,7,0,5,639,70,35,18,7,4,3,3,402,50,40,16
250250008022,44,40,36,23,700,370,107,7,55,46,32,19,487,239,72,13
250250008023,18,10,10,10,222,141,49,14,27,12,8,9,133,94,46,14
250250008024,42,30,25,20,450,377,154,33,30,22,18,10,331,198,107,56
250250008025,14,3,1,2,689,118,47,25,8,4,4,4,691,95,79,37
250250008031,48,17,16,10,1191,146,67,23,39,22,19,15,1252,127,69,42
250250008032,0,0,0,1,1358,0,2,0,0,0,0,2,2115,3,0,0
250250101031,1,0,0,0,751,45,12,7,2,2,0,6,1237,34,8,6
250250101032,0,0,0,6,489,13,3,0,0,0,0,0,622,5,1,5
250250101033,0,0,0,1,469,11,7,3,0,0,0,1,810,10,2,0
250250101041,26,8,3,1,332,167,73,16,15,7,3,2,375,198,61,24
250250101042,9,1,1,3,933,122,39,9,4,0,1,2,1024,96,41,14
250250101043,3,0,1,3,254,90,43,70,3,5,2,0,397,104,86,133
250250102031,0,0,0,0,501,95,42,7,2,1,0,0,414,51,23,8
250250102032,35,0,13,6,651,364,73,15,28,12,8,0,788,307,45,24
250250102033,7,1,2,5,344,247,88,69,5,0,3,0,425,180,78,109
250250102034,6,7,5,3,109,46,47,12,8,7,3,2,125,55,40,18
250250102041,2,0,0,0,407,18,10,1,3,0,1,1,634,16,4,1
250250102042,6,3,0,2,470,83,33,9,3,2,1,1,478,70,26,10
250250102043,0,0,2,2,302,61,34,4,2,0,0,0,401,56,13,1
250250103001,15,11,9,18,859,60,35,14,17,9,14,8,624,56,40,21
250250103002,1,1,1,7,566,51,8,1,2,0,0,21,2339,43,10,0
250250104031,3,1,6,3,358,108,66,69,14,6,8,2,350,77,71,94
250250104032,2,6,3,1,397,107,54,13,8,6,5,1,264,92,50,11
250250104033,8,1,1,3,130,137,69,31,13,1,0,3,129,110,54,57
250250104041,10,6,2,3,999,93,54,11,7,11,5,3,1002,82,49,16
250250104042,1,0,0,0,1080,73,20,2,1,0,0,8,1337,22,3,1
250250104043,2,3,3,1,302,35,22,17,5,4,4,5,442,28,27,16
250250104051,7,1,1,0,1120,48,43,3,12,1,0,1,1348,4,2,0
250250104052,10,5,11,2,994,67,85,24,11,4,5,8,943,55,57,24
250250104053,4,9,4,6,94,46,57,62,3,7,3,5,101,43,59,123
250250104081,10,3,5,5,418,208,57,11,11,7,4,1,475,173,30,8
250250105001,1,0,0,5,448,72,16,2,2,0,0,1,342,49,11,4
250250105002,9,4,2,2,258,81,56,64,10,2,0,0,323,95,64,129
250250105003,20,5,5,5,142,155,92,43,21,6,12,3,222,136,69,56
250250106001,16,5,9,2,187,291,144,83,44,5,1,1,222,248,188,113
250250106002,39,6,1,1,143,262,140,51,30,14,4,1,198,203,131,75
250250107011,13,4,2,2,351,115,64,9,13,3,6,3,249,112,67,19
250250107012,9,5,6,1,121,117,76,23,8,5,7,2,103,94,68,23
250250107013,9,0,0,2,137,157,69,10,10,0,1,0,161,165,52,5
250250107021,7,2,3,1,122,113,54,24,7,3,3,0,160,87,62,15
250250107022,9,11,8,1,111,110,88,17,13,3,6,4,179,104,96,15
250250107023,21,10,5,2,98,148,132,43,21,12,10,3,131,139,138,49
250250108011,10,2,7,4,123,67,59,13,5,3,2,2,197,73,76,21
250250108012,16,12,5,4,95,151,117,52,18,11,4,5,132,151,134,57
250250108013,24,5,5,3,143,191,125,53,21,4,1,2,165,213,160,40
250250108021,24,7,4,3,207,149,111,32,19,9,11,5,196,128,118,29
250250108022,19,11,7,2,292,243,119,27,19,6,5,3,304,220,119,25
250250108023,10,6,9,0,64,77,63,29,7,8,5,6,97,97,81,27
250250201011,23,13,10,5,49,102,100,41,25,22,14,3,100,121,98,41
250250201012,13,13,6,2,92,120,93,46,12,7,8,8,131,165,115,65
250250201013,34,16,10,6,104,216,164,60,37,28,17,7,132,208,184,45
250250201014,22,27,7,7,159,179,135,28,24,24,12,2,279,206,115,36
250250202001,11,5,7,2,256,142,111,49,12,2,3,3,403,149,65,46
250250202002,13,5,4,2,261,200,50,15,17,15,7,1,421,171,59,18
250250202003,8,8,4,4,215,168,75,24,12,5,3,2,343,160,74,19
250250203011,0,0,0,0,1,16,29,101,0,0,0,0,114,10,20,59
250250203012,51,15,2,3,252,307,125,44,26,12,6,2,278,326,154,70
250250203021,14,4,6,2,257,163,83,24,15,7,7,2,319,167,95,16
250250203031,20,6,2,2,130,198,83,17,17,4,1,0,142,191,49,16
250250203032,6,3,1,18,510,401,119,5,9,0,2,1,115,99,52,2
250250203033,28,21,13,6,85,174,144,77,32,20,7,9,73,179,191,120
250250301001,9,2,4,0,185,144,69,57,12,2,2,3,284,137,72,71
250250301002,7,1,3,4,201,118,58,21,6,2,3,2,284,106,51,34
250250302001,9,9,9,3,375,229,79,53,13,14,10,1,447,223,91,100
250250303001,21,15,5,9,115,217,326,150,26,14,4,6,134,191,350,174
250250303002,21,11,8,1,134,298,185,68,26,14,5,0,119,141,116,115
250250303003,14,7,2,0,251,216,262,20,16,5,7,3,331,102,50,19
250250303004,16,1,0,0,106,143,39,8,7,2,2,0,86,107,29,2
250250304001,11,12,4,6,289,211,84,48,18,13,15,7,417,218,106,60
250250304002,3,3,1,0,240,114,59,18,5,4,2,2,289,111,51,30
250250305001,11,5,4,1,105,90,121,37,13,13,7,0,50,72,133,42
250250305002,9,5,1,1,211,134,66,25,6,5,3,2,288,156,87,26
250250305003,6,3,1,2,214,98,36,13,10,2,2,1,255,115,37,14
250250401001,40,8,10,3,55,161,113,60,29,5,12,5,86,170,127,74
250250401002,31,10,10,1,100,261,102,26,35,19,11,8,168,283,109,36
250250402001,46,52,37,12,75,56,46,14,54,56,44,17,72,112,63,19
250250402002,23,16,13,2,78,139,92,30,33,11,12,5,74,161,85,57
250250403001,40,51,41,10,48,91,58,9,40,33,26,12,88,113,68,11
250250403002,52,27,10,1,120,254,95,21,59,17,5,2,190,261,99,34
250250403003,20,12,3,1,64,135,41,16,23,12,7,2,97,155,44,25
250250403004,20,14,8,3,66,128,54,19,14,9,3,7,69,130,53,20
250250403005,19,6,4,3,64,126,50,18,15,5,4,3,87,129,67,22
250250404011,54,40,41,34,159,244,148,41,47,37,39,21,185,292,207,100
250250404012,23,10,9,3,57,135,81,23,22,14,5,4,69,173,76,46
250250406001,15,6,8,4,138,146,80,22,18,9,9,8,142,148,88,22
250250406002,43,16,19,10,172,322,122,54,40,14,10,11,192,321,176,59
250250408011,62,61,47,26,62,110,94,9,56,55,48,28,114,169,103,17
250250408012,15,34,34,23,77,80,108,13,25,20,35,22,70,131,115,26
250250408013,39,10,6,3,207,332,247,67,42,23,9,6,282,378,279,81
250250501011,78,75,62,41,209,319,131,28,65,65,49,31,160,260,98,42
250250501012,64,79,43,39,139,165,120,41,62,44,47,30,170,203,163,63
250250501013,96,72,54,31,289,373,119,27,79,57,43,24,238,261,125,42
250250502001,110,86,71,35,243,368,160,36,110,65,83,41,246,352,145,38
250250502002,43,42,27,17,139,198,99,23,56,28,28,21,128,149,95,58
250250502003,37,36,24,15,107,163,51,10,47,30,22,13,101,126,38,16
250250502004,47,34,27,20,177,224,48,19,52,32,17,16,126,141,46,29
250250503001,30,20,23,9,75,152,54,13,29,22,18,13,98,114,38,19
250250503002,47,54,62,32,177,116,150,93,44,40,41,33,139,195,190,111
250250504001,26,14,15,10,84,157,52,7,23,20,8,5,80,87,40,9
250250504002,70,46,26,17,251,353,141,48,45,30,36,20,171,244,135,102
250250505001,83,46,44,20,232,435,119,38,67,58,33,25,193,310,102,52
250250506001,48,39,26,16,178,259,92,33,45,30,28,24,132,159,83,56
250250506002,39,28,18,20,123,204,67,11,30,18,11,11,65,125,33,12
250250507001,58,59,47,30,274,379,110,20,69,50,25,31,147,269,72,44
250250507002,50,58,30,31,184,282,90,15,41,38,36,16,135,204,94,40
250250507003,80,38,31,30,225,288,97,20,73,38,31,21,183,219,70,32
250250509011,47,41,31,16,210,286,79,18,59,31,32,26,133,188,63,23
250250509012,84,64,43,29,256,391,123,42,85,52,63,36,213,289,122,72
250250509013,52,41,27,16,113,154,65,11,42,28,36,17,82,150,68,16
250250510001,54,44,43,47,249,336,195,74,47,53,52,33,194,282,228,108
250250510002,31,32,34,22,72,88,78,33,39,34,26,22,91,146,136,78
250250510003,31,39,24,16,107,183,105,44,45,23,24,23,88,158,93,85
250250511011,60,47,54,33,188,304,130,48,53,36,31,23,168,234,136,57
250250511012,80,80,75,54,189,239,145,36,68,85,68,50,214,307,178,81
250250511013,26,39,44,31,158,246,161,59,28,52,49,21,141,209,175,98
250250511014,24,20,23,7,87,129,121,69,23,21,21,19,100,113,135,93
250250512001,0,0,0,0,3,8,4,1,2,0,0,0,5,4,3,2
250250512002,56,29,37,27,193,281,142,44,58,38,23,21,180,247,107,65
250250512003,19,16,10,8,95,187,77,20,17,20,11,8,97,113,76,25
250250601011,22,9,10,5,152,122,82,25,18,15,10,7,149,131,83,41
250250601012,11,11,,8,84,91,68,20,10,8,8,5,97,105,71,32
250250601013,24,12,13,6,167,135,87,36,8,12,8,12,146,142,122,51
250250601014,8,10,2,0,103,104,62,49,8,8,6,3,99,107,82,70
250250602001,21,11,9,4,116,132,50,25,20,19,9,1,147,143,75,39
250250602002,12,14,20,10,160,161,86,35,23,9,15,7,217,164,110,52
250250603011,18,4,12,8,165,167,150,42,17,9,12,14,225,174,142,126
250250603012,10,12,8,4,107,95,53,25,10,11,7,6,158,86,70,37
250250603013,22,9,10,10,147,200,108,33,16,13,16,10,170,159,110,59
250250604001,20,10,10,14,120,160,111,25,20,10,20,13,142,185,111,50
250250604002,8,11,21,8,155,151,89,11,17,3,11,13,186,172,98,34
250250604003,13,7,5,7,106,103,82,37,12,8,9,7,184,109,89,64
250250604004,11,5,10,5,144,159,95,59,13,2,7,5,213,154,101,110
250250604005,22,7,8,9,111,116,80,68,15,16,7,6,79,117,64,235
250250605011,14,7,8,9,115,124,57,16,14,3,9,4,140,103,50,26
250250605012,11,8,7,7,159,146,53,19,11,1,7,4,189,153,69,24
250250605013,11,4,5,2,118,155,73,20,13,3,3,2,127,120,48,13
250250605014,19,3,12,4,122,84,50,11,12,9,4,8,137,78,58,20
250250605015,10,7,8,9,101,109,62,6,12,6,11,4,119,117,63,12
250250606001,32,13,7,4,444,498,161,42,30,12,15,8,424,429,171,67
250250607001,33,44,46,21,66,40,37,8,33,48,36,29,81,135,70,14
250250607002,46,54,75,50,93,79,65,13,41,60,60,42,115,192,135,32
250250608001,11,6,8,3,110,114,41,12,17,9,10,4,127,113,51,19
250250608002,14,9,4,9,136,130,62,12,12,6,12,8,120,122,72,29
250250608003,14,8,8,7,179,164,53,16,12,6,7,5,180,139,60,28
250250608004,28,6,18,12,284,324,127,34,32,16,14,6,311,272,129,53
250250610001,25,19,6,15,205,158,82,21,22,9,13,9,166,170,82,31
250250610002,46,68,49,31,110,80,104,9,59,58,56,34,142,159,131,28
250250610003,53,41,38,37,71,63,65,6,47,51,35,33,110,153,81,17
250250611011,25,31,23,6,35,70,49,8,35,27,26,15,79,90,67,31
250250611012,91,78,85,38,86,181,142,35,58,77,54,44,183,262,159,42
250250612001,48,15,10,3,202,477,166,13,35,15,7,5,200,337,154,15
250250612002,5,7,4,5,107,112,51,17,8,5,7,3,97,112,55,32
250250612003,8,8,8,6,149,172,93,18,18,14,12,9,144,141,83,28
250250701011,21,9,7,2,78,256,100,12,25,2,3,1,60,182,84,8
250250701012,8,2,0,0,42,20,31,17,3,4,6,2,85,26,35,22
250250701013,8,9,5,3,83,46,39,65,9,7,0,0,48,53,44,75
250250701014,18,4,5,7,435,182,147,98,23,7,3,2,471,180,163,142
250250701015,6,9,1,2,103,88,78,14,7,7,1,0,33,52,41,9
250250701016,0,0,0,1,146,24,15,3,0,0,0,0,155,16,6,0
250250701017,23,9,10,7,245,190,82,26,20,9,2,5,216,150,64,44
250250701018,5,4,2,4,58,108,92,15,15,1,3,0,48,66,28,0
250250702001,29,28,29,17,245,249,131,25,25,20,18,22,240,219,133,30
250250702002,26,15,32,19,99,134,126,82,23,22,30,30,86,146,154,109
250250702003,4,15,17,13,689,73,141,115,11,9,22,11,1042,97,168,198
250250703001,11,3,0,0,122,142,153,120,11,4,5,2,113,99,126,154
250250703002,13,4,5,5,128,145,93,23,14,3,8,6,111,99,58,18
250250703003,28,5,5,3,125,211,140,17,16,7,4,4,142,186,85,14
250250703004,25,11,5,0,104,219,175,35,27,10,4,3,130,204,139,28
250250704021,23,42,68,54,122,135,191,130,29,42,73,34,131,208,225,216
250250705001,34,22,8,7,161,428,203,33,53,21,13,10,223,318,134,32
250250705002,29,33,29,21,70,105,109,72,18,24,24,16,82,124,154,89
250250705003,40,14,11,2,118,349,183,23,46,19,15,7,160,261,116,29
250250705004,30,31,28,19,109,270,158,22,39,33,35,19,159,279,112,25
250250706001,32,12,7,7,97,273,156,28,30,11,12,3,143,184,110,22
250250706002,26,12,13,3,117,227,161,47,35,17,8,5,108,201,111,22
250250707001,31,14,22,17,202,151,105,19,21,18,21,17,175,184,129,35
250250707002,32,17,11,12,108,230,128,33,30,23,14,5,131,232,158,36
250250708001,34,16,7,7,223,361,137,38,39,12,18,11,229,287,131,44
250250708002,23,5,2,4,279,167,76,11,19,11,13,4,219,118,75,14
250250708003,32,15,12,3,171,239,102,17,19,15,7,7,161,175,80,17
250250709001,50,38,28,22,286,466,176,44,64,43,32,22,288,398,144,65
250250709002,40,37,37,15,149,144,112,46,52,49,32,14,142,144,105,45
250250711011,26,3,14,4,195,294,125,66,40,14,10,8,275,207,89,128
250250711012,24,8,4,3,203,391,183,32,13,11,3,4,231,197,93,24
250250711013,19,16,13,8,125,179,84,13,19,11,10,8,115,133,70,8
250250712011,53,21,21,10,147,494,306,61,53,23,15,4,150,303,175,63
250250712012,56,49,49,27,122,144,81,27,40,57,56,26,115,210,113,60
250250801001,35,27,24,23,418,467,131,21,31,32,35,17,101,152,72,25
250250801002,22,25,25,19,62,102,59,18,41,18,30,11,81,102,92,31
250250803001,79,63,71,46,171,165,134,27,71,59,83,53,208,260,213,66
250250804011,49,48,45,23,124,160,105,18,52,41,43,32,147,193,137,48
250250804012,57,59,46,26,115,122,135,54,73,44,35,27,164,202,220,66
250250805001,42,28,26,22,185,109,64,18,56,37,31,19,166,144,103,26
250250805002,98,88,104,54,120,195,163,46,100,92,98,53,197,315,218,79
250250806011,28,20,23,24,1363,82,54,7,13,25,22,20,1359,104,57,11
250250806012,34,19,31,23,55,41,27,4,25,30,29,27,84,84,68,19
250250806013,16,9,9,12,37,55,69,6,14,12,14,13,42,73,69,9
250250808011,31,42,66,44,809,85,69,12,45,40,49,42,595,159,96,35
250250808012,43,30,58,56,338,127,83,23,46,49,78,51,247,229,170,38
250250809001,10,3,6,1,312,149,119,37,11,10,3,1,437,123,113,76
250250809002,15,16,16,9,719,84,57,11,17,13,20,15,393,64,50,19
250250809003,10,7,2,2,387,83,51,17,12,2,3,2,368,64,48,21
250250810011,19,10,17,4,42,99,37,6,23,7,10,5,60,110,50,16
250250810012,64,80,66,40,265,172,164,145,63,77,51,45,331,318,272,212
250250810013,7,1,2,2,275,78,45,8,6,3,2,1,258,51,34,14
250250810014,8,7,9,3,432,110,67,20,8,6,10,6,383,73,53,28
250250811001,31,26,19,17,427,117,94,49,28,20,33,14,246,144,111,91
250250811002,12,14,13,10,387,195,154,70,13,10,11,7,334,158,157,98
250250811003,13,6,16,2,154,109,44,64,15,6,2,1,153,125,47,224
250250812001,115,132,108,67,149,139,118,47,105,123,115,67,231,303,219,92
250250812002,41,23,27,27,187,167,95,7,27,18,22,23,169,165,113,24
250250813001,48,53,78,36,114,174,205,64,55,60,63,40,129,231,240,71
250250813002,65,51,55,55,166,185,118,57,62,69,76,54,206,237,184,109
250250813003,55,43,34,31,109,146,146,58,44,57,44,22,137,191,161,72
250250814001,28,27,28,20,117,129,126,67,22,17,30,12,102,129,134,79
250250814002,38,25,18,14,103,113,73,14,23,24,14,10,84,117,90,12
250250814003,23,22,17,21,243,144,105,16,20,27,16,27,192,149,105,37
250250815001,12,16,23,10,105,98,64,17,20,23,29,20,81,151,88,31
250250815002,43,43,56,33,117,142,147,29,38,38,41,44,120,227,176,52
250250817001,23,28,31,15,49,73,35,12,26,33,23,20,51,90,77,33
250250817002,22,34,49,26,61,98,94,36,19,29,22,17,91,121,106,68
250250817003,19,44,46,26,57,95,55,4,30,26,40,29,79,128,74,28
250250817004,25,37,38,24,78,81,75,26,40,20,41,23,93,122,118,46
250250817005,17,21,19,14,59,75,63,16,18,21,22,10,64,90,98,34
250250818001,39,41,31,23,95,140,122,28,48,29,36,25,122,177,155,46
250250818002,36,25,37,28,83,132,92,26,32,33,30,16,84,130,105,32
250250818003,34,34,25,28,89,67,64,8,46,43,27,20,108,127,80,20
250250819001,30,25,33,27,76,90,87,25,20,18,36,15,82,146,139,57
250250819002,25,18,26,17,53,56,42,7,32,23,36,24,57,102,77,22
250250819003,23,15,14,18,52,72,60,15,17,20,21,22,55,95,75,26
250250819004,28,35,38,32,88,101,74,25,41,36,27,31,120,153,127,36
250250820001,49,48,46,40,130,127,122,30,44,31,38,39,127,203,154,64
250250820002,18,15,26,27,49,81,63,30,15,15,21,15,57,102,96,52
250250820003,33,34,19,26,69,74,79,26,29,31,30,14,80,134,126,37
250250821001,63,55,57,28,101,111,89,29,56,45,38,27,138,198,150,43
250250821002,78,63,76,36,149,122,99,23,70,92,70,56,187,229,169,34
250250821003,89,89,98,65,156,190,186,70,104,98,71,57,257,337,277,100
250250901001,54,66,47,29,170,160,139,29,76,81,67,33,200,211,191,78
250250901002,24,22,13,12,47,64,46,15,12,24,22,15,68,67,64,16
250250901003,19,35,28,12,64,81,58,13,19,20,22,21,74,114,90,23
250250901004,47,49,51,45,90,125,87,12,39,62,54,36,116,165,100,21
250250901005,25,19,23,14,61,76,54,15,20,17,23,15,63,92,72,28
250250902001,32,39,27,19,58,70,43,13,30,37,33,20,69,91,68,24
250250902002,42,28,28,15,39,66,33,19,29,29,23,18,63,104,61,29
250250902003,30,44,60,35,106,100,57,9,33,42,42,40,92,139,83,22
250250903001,45,52,50,34,85,94,45,11,48,30,45,23,100,141,68,20
250250903002,67,41,51,28,109,165,88,22,65,53,58,33,160,184,141,45
250250903003,47,53,33,36,77,84,56,13,60,48,52,27,131,154,82,25
250250904001,29,39,40,24,88,90,70,17,32,35,50,32,75,133,87,30
250250904002,62,51,50,33,113,135,71,32,52,39,51,35,118,155,113,45
250250904003,36,36,37,19,82,90,64,13,33,23,36,30,68,108,66,22
250250904004,31,40,36,27,90,102,63,16,28,35,33,17,119,120,91,22
250250906001,45,37,56,28,104,99,88,18,43,50,45,48,124,165,116,28
250250906002,36,38,45,31,119,171,120,58,40,40,39,32,132,164,132,57
250250907001,19,19,33,18,208,207,133,21,22,16,32,20,135,163,132,40
250250907002,32,18,17,14,125,195,160,57,19,18,27,15,135,158,178,85
250250907003,38,24,31,15,132,190,121,45,26,20,19,25,123,163,114,67
250250907004,21,8,5,14,87,109,72,21,20,13,9,7,88,86,74,17
250250909011,61,40,61,30,363,166,52,13,42,35,43,27,368,196,106,24
250250909012,59,31,21,23,555,206,78,40,31,19,36,26,628,195,112,43
250250910011,29,21,15,15,62,117,65,5,20,24,31,14,63,109,46,14
250250910012,15,16,14,16,73,118,88,31,19,10,19,16,71,81,90,66
250250910013,13,21,10,16,70,94,84,17,14,6,15,10,75,101,106,30
250250910014,9,9,6,3,78,120,96,20,9,12,6,7,87,107,70,28
250250911001,48,40,31,27,188,259,113,28,36,18,36,22,184,203,121,41
250250911002,21,19,22,9,122,189,103,21,27,18,16,11,139,162,97,31
250250911003,35,29,29,22,83,162,85,18,24,29,29,13,115,153,74,29
250250911004,27,16,19,10,81,145,76,13,25,10,13,17,66,102,73,20
250250911005,22,26,22,13,98,141,71,19,24,20,32,13,102,114,81,19
250250912001,32,37,31,25,113,163,117,37,37,30,22,17,130,133,105,52
250250912002,77,53,35,23,140,218,105,24,72,42,35,30,188,215,128,26
250250912003,30,22,21,16,73,136,104,10,26,12,13,12,77,85,90,15
250250913001,53,51,51,40,165,181,95,35,45,43,50,37,149,187,151,35
250250913002,41,50,59,36,121,130,74,24,25,36,59,34,131,165,108,38
250250914001,52,48,49,43,169,256,184,26,52,57,49,35,175,239,178,60
250250914002,42,39,58,30,95,113,77,23,41,49,44,29,100,197,96,36
250250915001,82,77,76,52,236,282,143,32,76,54,59,43,249,284,175,58
250250915002,60,40,49,41,158,176,132,44,51,56,51,46,168,208,163,51
250250915003,33,41,29,27,81,99,72,32,38,32,46,24,96,125,80,43
250250916001,56,47,49,30,118,160,106,12,46,44,36,38,163,171,102,27
250250916002,51,45,44,35,142,168,111,15,45,57,56,36,134,206,103,25
250250916003,21,13,19,9,55,84,86,32,14,29,25,10,61,80,78,44
250250917001,47,46,56,40,154,161,110,14,45,50,43,44,158,183,130,25
250250917002,39,33,42,24,101,112,88,14,48,36,46,22,90,158,108,27
250250917003,33,38,33,23,90,95,47,10,34,31,29,20,80,123,71,18
250250918001,57,60,60,51,156,188,113,32,46,63,69,45,146,236,147,48
250250918002,37,45,41,25,122,107,58,15,29,40,42,40,117,153,97,34
250250918003,30,39,33,20,75,123,76,26,42,37,45,27,82,118,97,63
250250919001,49,47,58,36,91,108,78,9,46,47,45,29,111,160,105,23
250250919002,17,27,33,17,61,80,68,11,25,29,27,21,68,115,87,23
250250919003,46,57,73,39,147,181,107,29,78,67,65,45,157,215,164,52
250250919004,17,11,24,16,64,62,60,20,11,21,25,19,67,87,63,20
250250920001,43,48,43,41,156,211,117,40,47,45,36,30,132,186,149,50
250250920002,54,53,64,40,179,245,160,37,56,51,71,46,161,263,212,58
250250920003,41,26,35,22,103,110,71,20,47,29,32,25,84,121,88,27
250250920004,39,42,28,24,92,152,71,14,26,36,42,30,90,129,101,24
250250921011,40,27,40,24,106,174,106,26,33,32,32,23,102,168,133,47
250250921012,47,39,46,29,82,146,118,27,39,38,22,36,126,174,115,21
250250921013,21,20,26,15,64,113,109,19,19,16,15,15,54,105,76,42
250250921014,19,30,32,16,92,176,102,21,30,40,16,23,86,166,127,32
250250921015,85,87,88,63,183,368,219,71,107,76,80,64,262,380,235,128
250250922001,20,30,44,25,73,132,118,17,26,23,29,29,68,143,116,18
250250922002,23,25,26,17,64,105,84,10,22,33,26,17,90,113,104,17
250250922003,12,13,30,25,88,116,76,18,15,19,24,12,69,102,97,32
250250922004,38,27,30,19,84,126,92,18,34,22,24,24,84,125,125,42
250250923001,21,14,35,16,80,84,94,17,34,32,42,23,56,118,93,28
250250923002,17,23,34,26,54,73,53,7,23,26,34,25,76,112,72,16
250250923003,34,40,23,23,75,98,74,24,33,28,30,19,107,124,96,33
250250923004,24,35,17,14,50,62,39,14,28,25,27,17,54,98,53,17
250250924001,23,22,28,16,60,75,58,14,23,31,19,20,64,97,68,19
250250924002,36,45,45,40,122,109,89,18,43,32,51,35,104,165,123,32
250250924003,67,78,72,46,143,173,129,43,64,67,69,50,183,267,178,59
250250924004,45,60,54,40,90,83,59,18,57,52,59,41,137,198,123,26
250250924005,26,29,30,27,67,87,59,17,27,21,29,16,75,103,81,27
250251001001,7,15,7,2,15,16,4,2,12,17,2,5,26,23,11,3
250251001002,18,32,21,18,52,80,47,14,19,25,27,18,62,103,69,38
250251001003,21,29,24,20,73,104,72,18,37,36,32,21,95,114,91,34
250251001004,52,34,38,31,90,98,64,7,46,34,42,35,142,147,82,22
250251001005,25,13,19,21,55,63,55,19,35,32,20,10,57,100,70,28
250251001006,71,63,48,45,108,101,59,18,53,75,74,39,179,209,131,47
250251001007,49,47,46,31,76,82,56,35,38,50,52,26,69,151,108,57
250251002001,36,29,45,22,84,110,83,30,31,42,35,32,88,162,121,37
250251002002,26,29,35,22,81,71,40,9,33,29,35,28,89,100,69,23
250251002003,38,49,32,33,100,106,88,19,44,42,42,31,143,157,136,21
250251003001,36,35,40,23,74,128,87,18,23,30,44,29,102,148,128,38
250251003002,38,28,32,29,62,105,93,13,24,29,36,19,71,144,118,36
250251003003,17,42,28,19,77,73,48,10,33,42,28,20,60,131,79,24
250251003004,18,21,32,24,67,83,65,11,29,29,22,18,70,96,98,29
250251004001,42,48,42,35,106,155,131,45,47,45,47,33,124,190,141,52
250251004002,34,28,33,30,73,130,110,26,30,26,24,20,89,163,190,55
250251004003,12,18,19,12,64,83,100,24,19,20,31,14,86,119,145,32
250251004004,67,51,70,37,148,184,176,38,65,59,54,47,171,263,231,62
250251005001,27,47,33,20,125,143,132,47,45,39,37,22,122,173,148,60
250251005002,28,34,37,26,82,166,123,22,19,22,14,18,89,143,140,31
250251005003,34,49,46,29,100,177,122,21,39,41,41,29,148,215,132,36
250251005004,59,48,80,41,128,164,85,24,53,49,59,37,120,205,133,43
250251005005,50,41,54,25,100,139,86,26,40,57,41,41,126,200,133,29
250251006011,44,24,35,27,111,199,98,32,33,26,20,12,90,195,107,41
250251006012,31,33,22,23,64,154,94,36,23,28,27,21,61,141,103,37
250251006013,43,30,47,33,74,209,110,24,46,29,38,29,121,217,131,37
250251006014,53,74,47,30,188,341,173,31,60,59,51,50,209,303,222,53
250251006031,34,38,41,17,117,233,98,53,41,39,31,16,113,192,107,136
250251006032,18,25,11,11,64,106,59,13,20,13,14,2,60,89,66,27
250251007001,32,36,36,17,88,201,85,29,41,27,28,17,85,183,95,50
250251007002,34,26,25,9,54,145,96,61,34,18,14,10,55,133,124,189
250251007003,21,24,28,12,39,109,71,27,16,11,11,14,41,123,79,46
250251007004,30,24,25,17,85,149,69,32,23,21,29,13,82,129,90,38
250251007005,27,21,16,9,61,122,75,25,28,28,17,5,58,103,84,38
250251008001,18,16,17,13,53,105,75,13,24,17,17,17,56,104,94,24
250251008002,25,27,26,20,73,149,96,32,38,34,28,19,61,132,119,50
250251008003,27,26,20,17,76,145,94,21,26,19,28,15,94,147,107,37
250251008004,38,16,21,15,66,180,134,51,23,21,21,13,78,185,156,99
250251008005,9,24,25,12,46,112,120,45,22,15,14,14,28,114,126,81
250251008006,32,23,32,22,112,191,122,16,33,24,34,20,121,172,135,42
250251009001,31,20,19,17,53,107,81,21,29,20,31,22,64,130,86,30
250251009002,23,24,21,15,55,90,57,8,18,12,15,12,44,97,62,16
250251009003,35,31,44,31,93,199,123,28,31,32,33,25,129,230,181,50
250251009004,22,10,14,6,42,72,69,11,9,7,15,5,53,72,88,20
250251009005,28,19,31,18,86,106,111,16,22,22,33,28,78,130,154,50
250251010011,11,22,24,29,59,79,84,32,12,20,19,13,48,106,109,54
250251010012,25,23,19,12,44,100,69,27,29,14,19,14,69,124,112,33
250251010013,19,26,21,18,57,87,76,29,21,31,22,17,63,108,98,52
250251010014,23,18,28,25,99,116,105,24,24,19,39,29,73,147,131,52
250251010015,43,52,41,19,75,95,129,18,66,25,40,18,101,190,156,31
250251010016,31,25,40,25,113,147,134,46,39,22,28,24,99,181,186,90
250251010021,26,28,44,26,69,90,63,15,29,29,23,36,63,139,91,31
250251010022,64,78,77,47,166,233,228,73,61,53,79,53,203,342,352,152
250251010023,71,59,52,49,121,229,188,79,65,64,48,32,171,302,283,103
250251011011,26,33,36,30,66,82,69,15,28,40,30,15,83,110,87,25
250251011012,35,39,37,27,85,105,69,25,24,32,38,26,80,142,99,41
250251011013,41,72,59,33,137,166,130,40,54,49,57,40,133,204,171,90
250251011021,34,24,36,26,79,104,68,18,32,29,31,24,98,125,89,32
250251011022,52,55,61,41,135,160,133,36,49,62,64,52,161,239,142,52
250251011023,23,27,22,16,68,78,63,22,22,13,29,18,57,119,107,28
250251011024,48,53,59,28,109,163,115,36,44,58,62,39,120,189,153,65
250251101031,7,5,7,3,47,103,58,30,5,7,7,5,63,104,71,46
250251101032,31,15,32,10,89,91,74,16,16,21,15,22,98,113,75,15
250251101033,23,23,37,24,78,70,46,8,25,19,23,29,79,112,54,3
250251101034,20,14,18,16,84,65,43,22,13,14,9,7,66,99,80,50
250251101035,34,18,16,18,172,265,103,23,32,17,17,12,262,284,134,33
250251101036,20,14,8,10,31,102,59,15,25,13,8,4,47,133,69,25
250251101037,38,50,47,34,80,90,39,7,30,42,44,30,83,164,71,14
250251102011,80,61,65,41,175,260,200,61,72,73,65,35,203,302,284,74
250251103011,36,43,49,20,88,152,109,23,33,42,40,31,99,192,136,41
250251103012,37,42,29,23,105,167,149,33,38,42,37,18,85,225,189,52
250251104011,85,66,70,55,221,227,155,32,68,81,74,47,197,339,234,60
250251104012,53,44,52,34,106,252,151,60,39,38,38,24,109,284,194,77
250251104031,23,24,27,15,63,115,112,35,33,27,16,19,74,133,130,59
250251104032,28,11,19,20,53,104,92,27,21,25,29,25,55,129,112,33
250251104033,23,14,26,10,45,91,77,19,20,16,17,14,46,121,92,26
250251104034,35,25,29,19,57,147,93,34,31,27,18,21,77,186,117,59
250251104035,25,21,30,19,73,131,114,28,27,26,35,22,82,165,134,57
250251105011,28,14,36,5,60,142,89,34,38,21,26,16,52,154,87,47
250251105012,61,36,40,34,102,208,167,56,44,35,42,27,101,251,190,104
250251105013,27,23,27,19,72,147,91,29,34,20,22,10,79,168,97,41
250251105021,39,42,36,20,101,220,132,27,46,37,36,18,115,263,141,38
250251105022,54,52,44,37,164,261,203,61,50,46,54,37,142,313,205,132
250251105023,25,9,14,13,57,91,81,28,20,7,20,6,48,112,74,35
250251106011,45,41,50,32,63,171,201,190,33,29,33,13,63,214,260,477
250251106012,36,38,31,15,53,153,133,49,43,42,26,13,56,161,141,64
250251106071,33,16,19,9,72,161,105,42,28,24,16,10,78,183,129,88
250251106072,53,28,46,21,101,233,163,56,39,43,37,22,116,272,203,96
250251106073,60,47,47,17,114,255,175,44,51,32,26,17,134,295,206,66
250251106074,26,14,8,8,35,91,70,114,21,10,11,3,36,117,76,309
250251201031,60,24,31,16,93,240,189,43,58,33,35,14,104,280,233,55
250251201041,17,5,5,4,57,93,50,8,17,7,7,9,68,113,43,13
250251201042,31,34,26,11,61,111,41,5,32,23,25,21,100,171,91,16
250251201043,18,6,3,4,70,145,75,12,20,10,7,7,126,167,86,24
250251201051,21,40,43,4,22,78,120,23,17,32,29,7,140,97,150,53
250251201052,17,23,15,12,29,102,145,71,15,14,20,6,37,116,182,129
250251201053,22,18,11,8,15,66,97,60,20,10,18,5,18,72,138,57
250251202011,23,6,10,4,152,188,81,25,23,9,5,4,219,224,98,76
250251202012,53,43,28,28,194,328,176,15,82,48,41,24,241,346,166,28
250251202013,17,9,7,3,53,90,37,7,17,6,4,9,60,86,37,9
250251203011,30,30,25,21,158,187,117,19,34,24,33,17,160,150,129,32
250251203012,45,31,32,20,92,106,56,12,30,22,25,20,124,141,77,22
250251203013,50,30,29,14,165,257,164,49,54,39,29,19,170,252,178,44
250251203014,21,23,19,11,140,238,110,11,23,21,29,12,179,249,117,28
250251204001,28,10,12,5,74,177,84,17,19,10,13,4,124,165,100,14
250251204002,20,9,4,7,48,128,80,7,22,10,9,6,72,149,86,19
250251204003,29,11,15,5,70,185,89,16,27,14,6,2,96,199,108,23
250251204004,40,29,13,27,182,341,185,31,52,25,31,19,263,345,231,48
250251204005,34,13,15,14,134,190,161,92,27,19,15,3,186,202,199,158
250251205001,29,22,18,15,86,122,73,28,22,16,18,11,110,135,80,39
250251205002,20,11,19,9,108,133,39,7,25,13,16,13,145,113,51,11
250251205003,16,13,10,15,115,112,65,14,27,23,24,16,110,121,76,17
250251206001,20,9,19,8,115,140,70,8,21,10,15,7,179,156,66,22
250251206002,25,6,3,1,88,140,45,5,27,5,3,0,125,184,53,14
250251206003,21,14,7,9,90,134,60,9,22,8,7,1,110,164,74,16
250251207001,25,9,7,11,175,173,72,13,24,12,12,12,174,168,57,18
250251207002,28,8,8,6,94,184,108,58,28,6,5,6,125,168,132,88
250251301001,36,28,18,14,52,147,126,52,40,30,31,13,54,159,158,73
250251301002,81,29,24,12,150,291,153,47,63,24,18,5,176,330,214,58
250251301003,15,11,13,5,25,66,75,26,14,12,11,5,30,85,84,43
250251301004,29,16,31,9,41,114,107,36,28,27,13,9,36,113,139,62
250251301005,24,21,17,6,35,95,68,30,23,24,6,6,24,104,101,71
250251301006,8,8,8,2,11,51,44,35,13,8,8,3,17,47,50,60
250251301007,26,20,21,17,53,125,104,38,26,28,19,11,55,130,127,42
250251302001,25,19,16,9,32,75,63,30,14,12,21,10,30,81,96,57
250251302002,33,14,16,9,63,148,96,55,29,15,21,12,54,126,113,76
250251302003,43,37,34,28,84,172,199,58,45,39,30,22,81,199,234,93
250251302004,24,13,12,14,37,87,115,17,22,10,14,21,46,92,134,46
250251302005,27,32,37,12,48,138,105,47,31,22,17,23,63,150,125,57
250251303001,28,33,31,12,33,114,105,48,29,37,16,13,31,125,128,65
250251303002,32,33,36,25,59,152,156,36,21,34,36,27,67,171,171,69
250251303003,31,36,27,18,27,90,110,34,33,20,30,16,40,119,113,57
250251303004,26,29,28,19,57,144,107,43,34,26,22,14,56,171,122,85
250251303005,21,14,20,14,45,96,89,21,20,12,20,9,36,93,112,40
250251304021,19,20,24,14,66,160,116,74,28,26,21,15,56,167,167,107
250251304022,25,21,14,8,38,144,104,36,23,17,15,10,63,115,83,65
250251304023,40,28,26,19,64,150,113,57,37,19,29,19,61,166,135,95
250251304024,20,19,30,17,52,133,111,59,23,19,26,16,49,131,121,77
250251304025,32,28,20,10,47,114,91,30,19,29,21,14,48,147,101,64
250251304041,44,31,44,29,105,192,220,123,45,32,34,33,131,233,262,334
250251304042,10,12,16,8,48,106,78,26,15,13,17,11,45,92,111,40
250251304043,17,12,6,10,17,57,40,13,14,13,7,3,29,58,45,20
250251304061,185,126,,47,133,199,89,31,164,130,95,48,261,385,158,79
250251304062,109,80,63,32,128,291,236,115,92,88,61,34,175,367,259,181
250251304063,19,10,9,15,44,82,84,24,7,11,11,8,49,84,79,37
250251401021,36,54,46,44,95,143,131,31,33,42,50,23,106,194,116,42
250251401022,32,19,29,26,67,124,101,36,26,24,27,18,80,136,109,54
250251401023,26,27,27,16,64,128,97,38,29,31,35,13,40,139,101,49
250251401024,39,49,68,43,129,168,159,46,55,42,61,38,95,212,166,77
250251401051,71,66,85,58,175,318,258,86,50,61,71,50,174,373,328,135
250251401052,44,38,48,35,148,147,118,19,41,45,52,41,159,198,136,47
250251401061,66,67,54,26,101,135,119,44,48,44,45,26,130,227,165,98
250251401062,17,35,26,12,50,44,29,7,23,18,19,15,50,86,57,18
250251401071,50,63,71,48,160,212,200,72,46,49,64,29,137,270,240,121
250251401072,16,21,23,10,61,108,62,25,20,16,17,9,62,106,115,28
250251402011,42,34,30,23,99,157,117,36,28,28,34,16,95,169,128,53
250251402012,32,36,28,22,66,142,104,31,29,37,26,24,83,146,127,50
250251402021,40,32,27,27,72,121,88,23,26,28,27,20,84,148,110,43
250251402022,62,71,60,35,108,158,103,33,53,76,64,44,100,253,168,68
250251402023,30,21,37,13,91,121,134,33,27,31,19,18,70,139,158,45
250251402024,40,40,44,27,105,211,198,65,41,46,38,34,101,235,187,109
250251402025,28,18,29,16,49,85,108,26,14,26,28,14,26,97,108,48
250251403001,23,35,34,18,75,129,114,15,32,29,28,19,93,135,109,27
250251403002,24,26,30,29,93,104,90,16,20,30,39,21,82,128,95,35
250251403003,37,18,47,23,136,163,152,92,31,17,48,26,83,196,172,182
250251403004,21,17,25,18,64,78,106,16,11,17,27,11,65,87,111,31
250251403005,32,35,45,19,79,155,98,50,31,45,39,30,68,178,146,84
250251403006,52,55,38,41,115,163,137,33,51,45,47,33,117,203,170,43
250251404001,20,14,21,16,57,75,52,31,21,16,22,17,70,87,81,54
250251404002,21,31,29,19,89,114,125,28,25,23,31,25,91,145,159,48
250251404003,34,41,35,25,88,132,114,28,33,24,35,28,106,138,153,35
250251404004,14,24,33,23,89,76,87,20,15,22,29,23,52,96,118,34
250251404005,33,42,40,35,120,148,190,34,44,33,46,33,109,200,222,70
250251404006,44,51,58,49,106,200,153,72,45,49,55,26,128,237,222,123
250251404007,48,24,45,28,97,162,119,29,44,32,27,25,95,194,145,58
250259801011,4,0,1,0,53,213,152,4,0,0,0,0,29,60,19,0
250259803001,0,1,0,0,37,102,111,7,1,0,2,0,13,34,28,2
250259807001,0,0,0,0,0,1,1,0,0,0,0,0,0,1,2,1
250259810001,2,1,2,0,5,2,1,0,0,1,1,1,3,2,1,0
250259811001,0,0,0,0,0,0,0,0,0,0,0,0,0,0,0,0
250259811002,0,0,2,1,2,1,1,0,0,0,1,0,0,2,1,1
250259811003,0,1,1,0,0,1,0,0,0,0,0,0,0,2,1,0
250259811004,9,9,9,27,45,140,38,0,5,19,6,5,24,40,22,2
250259812011,0,0,0,0,0,0,0,0,0,0,0,0,0,0,0,0
250259812021,0,0,0,0,155,44,0,0,0,0,0,0,6,2,0,0
250259813002,10,5,3,1,49,130,30,5,8,2,5,2,50,68,20,1
250259815011,0,0,0,0,0,5,3,0,0,0,0,0,0,4,0,0
250259815021,0,0,1,0,1,0,2,1,0,0,0,0,1,1,1,1
250259816001,0,0,0,0,0,0,0,0,0,0,0,0,0,0,0,0
250259817001,0,0,0,0,0,0,0,0,0,0,0,0,0,0,0,0
250259818001,3,0,1,1,1,3,9,15,1,0,1,0,4,7,25,11
250251006013,43,30,47,33,74,209,110,24,46,29,38,29,121,217,131,37
250251006014,53,74,47,30,188,341,173,31,60,59,51,50,209,303,222,53
250251006031,34,38,41,17,117,233,98,53,41,39,31,16,113,192,107,136
250251006032,18,25,11,11,64,106,59,13,20,13,14,2,60,89,66,27
250251007001,32,36,36,17,88,201,85,29,41,27,28,17,85,183,95,50
250251007002,34,26,25,9,54,145,96,61,34,18,14,10,55,133,124,189
250251007003,21,24,28,12,39,109,71,27,16,11,11,14,41,123,79,46
250251007004,30,24,25,17,85,149,69,32,23,21,29,13,82,129,90,38
250251007005,27,21,16,9,61,122,75,25,28,28,17,5,58,103,84,38
250251008001,18,16,17,13,53,105,75,13,24,17,17,17,56,104,94,24
250251008002,25,27,26,20,73,149,96,32,38,34,28,19,61,132,119,50
250251008003,27,26,20,17,76,145,94,21,26,19,28,15,94,147,107,37
250251008004,38,16,21,15,66,180,134,51,23,21,21,13,78,185,156,99
250251008005,9,24,25,12,46,112,120,45,22,15,14,14,28,114,126,81
250251008006,32,23,32,22,112,191,122,16,33,24,34,20,121,172,135,42
250251009001,31,20,19,17,53,107,81,21,29,20,31,22,64,130,86,30
250251009002,23,24,21,15,55,90,57,8,18,12,15,12,44,97,62,16
250251009003,35,31,44,31,93,199,123,28,31,32,33,25,129,230,181,50
250251009004,22,10,14,6,42,72,69,11,9,7,15,5,53,72,88,20
250251009005,28,19,31,18,86,106,111,16,22,22,33,28,78,130,154,50
250251010011,11,22,24,29,59,79,84,32,12,20,19,13,48,106,109,54
250251010012,25,23,19,12,44,100,69,27,29,14,19,14,69,124,112,33
250251010013,19,26,21,18,57,87,76,29,21,31,22,17,63,108,98,52
250251010014,23,18,28,25,99,116,105,24,24,19,39,29,73,147,131,52
250251010015,43,52,41,19,75,95,129,18,66,25,40,18,101,190,156,31
250251010016,31,25,40,25,113,147,134,46,39,22,28,24,99,181,186,90
250251010021,26,28,44,26,69,90,63,15,29,29,23,36,63,139,91,31
250251010022,64,78,77,47,166,233,228,73,61,53,79,53,203,342,352,152
250251010023,71,59,52,49,121,229,188,79,65,64,48,32,171,302,283,103
250251011011,26,33,36,30,66,82,69,15,28,40,30,15,83,110,87,25
250251011012,35,39,37,27,85,105,69,25,24,32,38,26,80,142,99,41
250251011013,41,72,59,33,137,166,130,40,54,49,57,40,133,204,171,90
250251011021,34,24,36,26,79,104,68,18,32,29,31,24,98,125,89,32
250251011022,52,55,61,41,135,160,133,36,49,62,64,52,161,239,142,52
250251011023,23,27,22,16,68,78,63,22,22,13,29,18,57,119,107,28
250251011024,48,53,59,28,109,163,115,36,44,58,62,39,120,189,153,65
250251101031,7,5,7,3,47,103,58,30,5,7,7,5,63,104,71,46
250251101032,31,15,32,10,89,91,74,16,16,21,15,22,98,113,75,15
250251101033,23,23,37,24,78,70,46,8,25,19,23,29,79,112,54,3
250251101034,20,14,18,16,84,65,43,22,13,14,9,7,66,99,80,50
250251101035,34,18,16,18,172,265,103,23,32,17,17,12,262,284,134,33
250251101036,20,14,8,10,31,102,59,15,25,13,8,4,47,133,69,25
250251101037,38,50,47,34,80,90,39,7,30,42,44,30,83,164,71,14
250251102011,80,61,65,41,175,260,200,61,72,73,65,35,203,302,284,74
250251103011,36,43,49,20,88,152,109,23,33,42,40,31,99,192,136,41
250251103012,37,42,29,23,105,167,149,33,38,42,37,18,85,225,189,52
250251104011,85,66,70,55,221,227,155,32,68,81,74,47,197,339,234,60
250251104012,53,44,52,34,106,252,151,60,39,38,38,24,109,284,194,77
250251104031,23,24,27,15,63,115,112,35,33,27,16,19,74,133,130,59
250251104032,28,11,19,20,53,104,92,27,21,25,29,25,55,129,112,33
250251104033,23,14,26,10,45,91,77,19,20,16,17,14,46,121,92,26
250251104034,35,25,29,19,57,147,93,34,31,27,18,21,77,186,117,59
250251104035,25,21,30,19,73,131,114,28,27,26,35,22,82,165,134,57
250251105011,28,14,36,5,60,142,89,34,38,21,26,16,52,154,87,47
250251105012,61,36,40,34,102,208,167,56,44,35,42,27,101,251,190,104
250251105013,27,23,27,19,72,147,91,29,34,20,22,10,79,168,97,41
250251105021,39,42,36,20,101,220,132,27,46,37,36,18,115,263,141,38
250251105022,54,52,44,37,164,261,203,61,50,46,54,37,142,313,205,132
250251105023,25,9,14,13,57,91,81,28,20,7,20,6,48,112,74,35
250251106011,45,41,50,32,63,171,201,190,33,29,33,13,63,214,260,477
250251106012,36,38,31,15,53,153,133,49,43,42,26,13,56,161,141,64
250251106071,33,16,19,9,72,161,105,42,28,24,16,10,78,183,129,88
250251106072,53,28,46,21,101,233,163,56,39,43,37,22,116,272,203,96
250251106073,60,47,47,17,114,255,175,44,51,32,26,17,134,295,206,66
250251106074,26,14,8,8,35,91,70,114,21,10,11,3,36,117,76,309
250251201031,60,24,31,16,93,240,189,43,58,33,35,14,104,280,233,55
250251201041,17,5,5,4,57,93,50,8,17,7,7,9,68,113,43,13
250251201042,31,34,26,11,61,111,41,5,32,23,25,21,100,171,91,16
250251201043,18,6,3,4,70,145,75,12,20,10,7,7,126,167,86,24
250251201051,21,40,43,4,22,78,120,23,17,32,29,7,140,97,150,53
250251201052,17,23,15,12,29,102,145,71,15,14,20,6,37,116,182,129
250251201053,22,18,11,8,15,66,97,60,20,10,18,5,18,72,138,57
250251202011,23,6,10,4,152,188,81,25,23,9,5,4,219,224,98,76
250251202012,53,43,28,28,194,328,176,15,82,48,41,24,241,346,166,28
250251202013,17,9,7,3,53,90,37,7,17,6,4,9,60,86,37,9
250251203011,30,30,25,21,158,187,117,19,34,24,33,17,160,150,129,32
250251203012,45,31,32,20,92,106,56,12,30,22,25,20,124,141,77,22
250251203013,50,30,29,14,165,257,164,49,54,39,29,19,170,252,178,44
250251203014,21,23,19,11,140,238,110,11,23,21,29,12,179,249,117,28
250251204001,28,10,12,5,74,177,84,17,19,10,13,4,124,165,100,14
250251204002,20,9,4,7,48,128,80,7,22,10,9,6,72,149,86,19
250251204003,29,11,15,5,70,185,89,16,27,14,6,2,96,199,108,23
250251204004,40,29,13,27,182,341,185,31,52,25,31,19,263,345,231,48
250251204005,34,13,15,14,134,190,161,92,27,19,15,3,186,202,199,158
250251205001,29,22,18,15,86,122,73,28,22,16,18,11,110,135,80,39
250251205002,20,11,19,9,108,133,39,7,25,13,16,13,145,113,51,11
250251205003,16,13,10,15,115,112,65,14,27,23,24,16,110,121,76,17
250251206001,20,9,19,8,115,140,70,8,21,10,15,7,179,156,66,22
250251206002,25,6,3,1,88,140,45,5,27,5,3,0,125,184,53,14
250251206003,21,14,7,9,90,134,60,9,22,8,7,1,110,164,74,16
250251207001,25,9,7,11,175,173,72,13,24,12,12,12,174,168,57,18
250251207002,28,8,8,6,94,184,108,58,28,6,5,6,125,168,132,88
250251301001,36,28,18,14,52,147,126,52,40,30,31,13,54,159,158,73
250251301002,81,29,24,12,150,291,153,47,63,24,18,5,176,330,214,58
250251301003,15,11,13,5,25,66,75,26,14,12,11,5,30,85,84,43
250251301004,29,16,31,9,41,114,107,36,28,27,13,9,36,113,139,62
250251301005,24,21,17,6,35,95,68,30,23,24,6,6,24,104,101,71
250251301006,8,8,8,2,11,51,44,35,13,8,8,3,17,47,50,60
250251301007,26,20,21,17,53,125,104,38,26,28,19,11,55,130,127,42
250251302001,25,19,16,9,32,75,63,30,14,12,21,10,30,81,96,57
250251302002,33,14,16,9,63,148,96,55,29,15,21,12,54,126,113,76
250251302003,43,37,34,28,84,172,199,58,45,39,30,22,81,199,234,93
250251302004,24,13,12,14,37,87,115,17,22,10,14,21,46,92,134,46
250251302005,27,32,37,12,48,138,105,47,31,22,17,23,63,150,125,57
250251303001,28,33,31,12,33,114,105,48,29,37,16,13,31,125,128,65
250251303002,32,33,36,25,59,152,156,36,21,34,36,27,67,171,171,69
250251303003,31,36,27,18,27,90,110,34,33,20,30,16,40,119,113,57
250251303004,26,29,28,19,57,144,107,43,34,26,22,14,56,171,122,85
250251303005,21,14,20,14,45,96,89,21,20,12,20,9,36,93,112,40
250251304021,19,20,24,14,66,160,116,74,28,26,21,15,56,167,167,107
250251304022,25,21,14,8,38,144,104,36,23,17,15,10,63,115,83,65
250251304023,40,28,26,19,64,150,113,57,37,19,29,19,61,166,135,95
250251304024,20,19,30,17,52,133,111,59,23,19,26,16,49,131,121,77
250251304025,32,28,20,10,47,114,91,30,19,29,21,14,48,147,101,64
250251304041,44,31,44,29,105,192,220,123,45,32,34,33,131,233,262,334
250251304042,10,12,16,8,48,106,78,26,15,13,17,11,45,92,111,40
250251304043,17,12,6,10,17,57,40,13,14,13,7,3,29,58,45,20
250251304061,185,126,93,47,133,199,89,31,164,130,95,48,261,385,158,79
250251304062,109,80,63,32,128,291,236,115,92,88,61,34,175,367,259,181
250251304063,19,10,9,15,44,82,84,24,7,11,11,8,49,84,79,37
250251401021,36,54,46,44,95,143,131,31,33,42,50,23,106,194,116,42
250251401022,32,19,29,26,67,124,101,36,26,24,27,18,80,136,109,54
250251401023,26,27,27,16,64,128,97,38,29,31,35,13,40,139,101,49
250251401024,39,49,68,43,129,168,159,46,55,42,61,38,95,212,166,77
250251401051,71,66,85,58,175,318,258,86,50,61,71,50,174,373,328,135
250251401052,44,38,48,35,148,147,118,19,41,45,52,41,159,198,136,47
250251401061,66,67,54,26,101,135,119,44,48,44,45,26,130,227,165,98
250251401062,17,35,26,12,50,44,29,7,23,18,19,15,50,86,57,18
250251401071,50,63,71,48,160,212,200,72,46,49,64,29,137,270,240,121
250251401072,16,21,23,10,61,108,62,25,20,16,17,9,62,106,115,28
250251402011,42,34,30,23,99,157,117,36,28,28,34,16,95,169,128,53
250251402012,32,36,28,22,66,142,104,31,29,37,26,24,83,146,127,50
250251402021,40,32,27,27,72,121,88,23,26,28,27,20,84,148,110,43
250251402022,62,71,60,35,108,158,103,33,53,76,64,44,100,253,168,68
250251402023,30,21,37,13,91,121,134,33,27,31,19,18,70,139,158,45
250251402024,40,40,44,27,105,211,198,65,41,46,38,34,101,235,187,109
250251402025,28,18,29,16,49,85,108,26,14,26,28,14,26,97,108,48
250251403001,23,35,,18,75,129,114,15,32,29,28,19,93,135,109,27
250251403002,24,26,30,29,93,104,90,16,20,30,39,21,82,128,95,35
250251403003,37,18,47,23,136,163,152,92,31,17,48,26,83,196,172,182
250251403004,21,17,25,18,64,78,106,16,11,17,27,11,65,87,111,31
250251403005,32,35,45,19,79,155,98,50,31,45,39,30,68,178,146,84
250251403006,52,55,38,41,115,163,137,33,51,45,47,33,117,203,170,43
250251404001,20,14,21,16,57,75,52,31,21,16,22,17,70,87,81,54
250251404002,21,31,29,19,89,114,125,28,25,23,31,25,91,145,159,48